id;name;email;mobile;github;linkedin;short_des;job_title;company;period;job_des;university;gpa;skills
1;Bedfordshire Communi;Jordy_Mertz0@gmail.c;Liaison Metal;e-commerce zero;customized;Sudanese cyan Gloves;Senior Markets Specialist;FasoX;foreground;synthesize;EXE Belarus Shirt;purple;attitude-oriented Dynamic Fantastic
2;withdrawal extend;Colton.Bartoletti43@;Gorgeous purple Customer;productivity functionalities Handmade;Junctions infomediaries;Concrete;Dynamic Research Liaison;compress;Bedfordshire disinte;withdrawal;Granite quantifying Technician;Customer-focused;capacitor Dominican RSS
3;Handmade;Gaylord_Welch@yahoo.;District paradigm;engage Account Fresh;array;payment Mouse;Regional Branding Specialist;Somoni circuit Ball;Granite;Focused Plastic vertical;virtual;indigo Ameliorated;end-to-end withdrawal
4;Credit auxiliary Ida;Demario_Lesch@hotmai;Kentucky Orchestrator;Tennessee networks;Home backing;EXEXX;Internal Factors Consultant;Liaison open-source;reboot;Dollar productivity Buckinghamshire;Cambridgeshire pricing Missouri;task-force;Avon systemic Russian
5;Small Shirt state;Jannie_Erdman53@yaho;Keyboard;Cheese Bike Small;Account;Borders Legacy;Customer Operations Manager;TCPXX;Alabama Brand;mindshare Incredible AGP;program mission-critical;calculating Awesome ;Steel platforms
6;Keyboard;Burley.Hansen87@gmai;Officer hardware virtual;Knolls connect next-generation;systems;navigate Avon Quality-focused;Chief Directives Strategist;Berkshire Arizona Account;deposit Litas;Bypass Quality;mintX;customized;Pound
7;North SMS program;Thurman65@hotmail.co;Cotton;Pennsylvania Soft;reintermediate Rustic;Executive;Regional Infrastructure Designer;Hat compress;Cotton;Open-architected Buckinghamshire;(Slovak;Stream;Pizza
8;Personal Pizza wirel;Chelsey.Durgan8@hotm;Account;CFAXX;bypassing Designer Strategist;copying matrix;Central Marketing Liaison;revolutionize navigate;grey Avon Forge;Gloves Republic);optimize;proactive portals ab;Dynamic
9;feedX;Alyson48@yahoo.com;extend benchmark Automotive;withdrawal alarm Futuna;Account envisioneer bypass;Cotton Books brand;Legacy Web Specialist;best-of-breed;generating;Account Granite (E.M.U.-6);indexing reboot;Zealand recontextual;neutral Technician
10;Trafficway ROI knowl;Caleigh57@yahoo.com;HDDXX;visualize;unleash auxiliary Account;array Account Herzegovina;Chief Mobility Orchestrator;engage Card Aruba;e-business;Village middleware;Maine;Fort empowering;Plastic Swedish
